# ************************************************************
# Sequel Pro SQL dump
# Version 4096
#
# http://www.sequelpro.com/
# http://code.google.com/p/sequel-pro/
#
# Host: localhost (MySQL 5.5.42)
# Database: soiedelun_perch
# Generation Time: 2015-09-10 00:19:58 +0000
# ************************************************************


/*!40101 SET @OLD_CHARACTER_SET_CLIENT=@@CHARACTER_SET_CLIENT */;
/*!40101 SET @OLD_CHARACTER_SET_RESULTS=@@CHARACTER_SET_RESULTS */;
/*!40101 SET @OLD_COLLATION_CONNECTION=@@COLLATION_CONNECTION */;
/*!40101 SET NAMES utf8 */;
/*!40014 SET @OLD_FOREIGN_KEY_CHECKS=@@FOREIGN_KEY_CHECKS, FOREIGN_KEY_CHECKS=0 */;
/*!40101 SET @OLD_SQL_MODE=@@SQL_MODE, SQL_MODE='NO_AUTO_VALUE_ON_ZERO' */;
/*!40111 SET @OLD_SQL_NOTES=@@SQL_NOTES, SQL_NOTES=0 */;


# Dump of table perch2_categories
# ------------------------------------------------------------

DROP TABLE IF EXISTS `perch2_categories`;

CREATE TABLE `perch2_categories` (
  `catID` int(10) NOT NULL AUTO_INCREMENT,
  `setID` int(10) unsigned NOT NULL,
  `catParentID` int(10) unsigned NOT NULL DEFAULT '0',
  `catTitle` char(64) NOT NULL DEFAULT '',
  `catSlug` char(64) NOT NULL DEFAULT '',
  `catPath` char(255) NOT NULL DEFAULT '',
  `catDisplayPath` char(255) NOT NULL DEFAULT '',
  `catOrder` int(10) unsigned NOT NULL DEFAULT '0',
  `catTreePosition` char(255) NOT NULL DEFAULT '000',
  `catDynamicFields` text NOT NULL,
  PRIMARY KEY (`catID`),
  KEY `idx_set` (`setID`)
) ENGINE=MyISAM DEFAULT CHARSET=utf8;



# Dump of table perch2_category_counts
# ------------------------------------------------------------

DROP TABLE IF EXISTS `perch2_category_counts`;

CREATE TABLE `perch2_category_counts` (
  `countID` int(10) unsigned NOT NULL AUTO_INCREMENT,
  `catID` int(10) unsigned NOT NULL,
  `countType` char(64) NOT NULL DEFAULT '',
  `countValue` int(10) unsigned NOT NULL DEFAULT '0',
  PRIMARY KEY (`countID`),
  KEY `idx_cat` (`catID`),
  KEY `idx_cat_type` (`countType`,`catID`)
) ENGINE=MyISAM DEFAULT CHARSET=utf8;



# Dump of table perch2_category_sets
# ------------------------------------------------------------

DROP TABLE IF EXISTS `perch2_category_sets`;

CREATE TABLE `perch2_category_sets` (
  `setID` int(10) NOT NULL AUTO_INCREMENT,
  `setTitle` char(64) NOT NULL DEFAULT '',
  `setSlug` char(64) NOT NULL DEFAULT '',
  `setTemplate` char(255) NOT NULL DEFAULT 'set.html',
  `setCatTemplate` char(255) NOT NULL DEFAULT 'category.html',
  `setDynamicFields` text,
  PRIMARY KEY (`setID`)
) ENGINE=MyISAM DEFAULT CHARSET=utf8;



# Dump of table perch2_content_index
# ------------------------------------------------------------

DROP TABLE IF EXISTS `perch2_content_index`;

CREATE TABLE `perch2_content_index` (
  `indexID` int(10) NOT NULL AUTO_INCREMENT,
  `itemID` int(10) NOT NULL DEFAULT '0',
  `regionID` int(10) NOT NULL DEFAULT '0',
  `pageID` int(10) NOT NULL DEFAULT '0',
  `itemRev` int(10) NOT NULL DEFAULT '0',
  `indexKey` char(64) NOT NULL DEFAULT '-',
  `indexValue` char(255) NOT NULL DEFAULT '',
  PRIMARY KEY (`indexID`),
  KEY `idx_key` (`indexKey`),
  KEY `idx_val` (`indexValue`),
  KEY `idx_rev` (`itemRev`),
  KEY `idx_item` (`itemID`),
  KEY `idx_keyval` (`indexKey`,`indexValue`),
  KEY `idx_regrev` (`regionID`,`itemRev`)
) ENGINE=MyISAM DEFAULT CHARSET=utf8;



# Dump of table perch2_content_items
# ------------------------------------------------------------

DROP TABLE IF EXISTS `perch2_content_items`;

CREATE TABLE `perch2_content_items` (
  `itemRowID` int(10) unsigned NOT NULL AUTO_INCREMENT,
  `itemID` int(10) unsigned NOT NULL DEFAULT '0',
  `regionID` int(10) unsigned NOT NULL DEFAULT '0',
  `pageID` int(10) unsigned NOT NULL DEFAULT '0',
  `itemRev` int(10) unsigned NOT NULL DEFAULT '0',
  `itemOrder` int(10) unsigned NOT NULL DEFAULT '1000',
  `itemJSON` mediumtext NOT NULL,
  `itemSearch` mediumtext NOT NULL,
  `itemUpdated` timestamp NOT NULL DEFAULT CURRENT_TIMESTAMP ON UPDATE CURRENT_TIMESTAMP,
  `itemUpdatedBy` char(32) NOT NULL DEFAULT '',
  PRIMARY KEY (`itemRowID`),
  KEY `idx_item` (`itemID`),
  KEY `idx_rev` (`itemRev`),
  KEY `idx_region` (`regionID`),
  KEY `idx_regrev` (`itemID`,`regionID`,`itemRev`),
  KEY `idx_order` (`itemOrder`),
  FULLTEXT KEY `idx_search` (`itemSearch`)
) ENGINE=MyISAM DEFAULT CHARSET=utf8;



# Dump of table perch2_content_regions
# ------------------------------------------------------------

DROP TABLE IF EXISTS `perch2_content_regions`;

CREATE TABLE `perch2_content_regions` (
  `regionID` int(10) NOT NULL AUTO_INCREMENT,
  `pageID` int(10) unsigned NOT NULL,
  `regionKey` varchar(255) NOT NULL DEFAULT '',
  `regionPage` varchar(255) NOT NULL DEFAULT '',
  `regionHTML` longtext NOT NULL,
  `regionNew` tinyint(1) unsigned NOT NULL DEFAULT '1',
  `regionOrder` tinyint(3) unsigned NOT NULL DEFAULT '0',
  `regionTemplate` varchar(255) NOT NULL DEFAULT '',
  `regionMultiple` tinyint(1) unsigned NOT NULL DEFAULT '0',
  `regionOptions` text NOT NULL,
  `regionSearchable` tinyint(1) unsigned NOT NULL DEFAULT '1',
  `regionRev` int(10) unsigned NOT NULL DEFAULT '0',
  `regionLatestRev` int(10) unsigned NOT NULL DEFAULT '0',
  `regionEditRoles` varchar(255) NOT NULL DEFAULT '*',
  `regionUpdated` timestamp NOT NULL DEFAULT CURRENT_TIMESTAMP ON UPDATE CURRENT_TIMESTAMP,
  PRIMARY KEY (`regionID`),
  KEY `idx_key` (`regionKey`),
  KEY `idx_path` (`regionPage`)
) ENGINE=MyISAM DEFAULT CHARSET=utf8;

LOCK TABLES `perch2_content_regions` WRITE;
/*!40000 ALTER TABLE `perch2_content_regions` DISABLE KEYS */;

INSERT INTO `perch2_content_regions` (`regionID`, `pageID`, `regionKey`, `regionPage`, `regionHTML`, `regionNew`, `regionOrder`, `regionTemplate`, `regionMultiple`, `regionOptions`, `regionSearchable`, `regionRev`, `regionLatestRev`, `regionEditRoles`, `regionUpdated`)
VALUES
	(1,1,'Intro','/index.php','<!-- Undefined content: Intro -->',1,0,'',0,'',1,0,0,'*','2015-09-10 01:07:29');

/*!40000 ALTER TABLE `perch2_content_regions` ENABLE KEYS */;
UNLOCK TABLES;


# Dump of table perch2_navigation
# ------------------------------------------------------------

DROP TABLE IF EXISTS `perch2_navigation`;

CREATE TABLE `perch2_navigation` (
  `groupID` int(10) NOT NULL AUTO_INCREMENT,
  `groupTitle` varchar(255) NOT NULL DEFAULT '',
  `groupSlug` varchar(255) NOT NULL DEFAULT '',
  PRIMARY KEY (`groupID`)
) ENGINE=MyISAM DEFAULT CHARSET=utf8;



# Dump of table perch2_navigation_pages
# ------------------------------------------------------------

DROP TABLE IF EXISTS `perch2_navigation_pages`;

CREATE TABLE `perch2_navigation_pages` (
  `navpageID` int(10) unsigned NOT NULL AUTO_INCREMENT,
  `pageID` int(10) unsigned NOT NULL DEFAULT '0',
  `groupID` int(10) unsigned NOT NULL DEFAULT '0',
  `pageParentID` int(10) unsigned NOT NULL DEFAULT '0',
  `pageOrder` int(10) unsigned NOT NULL DEFAULT '1',
  `pageDepth` tinyint(10) unsigned NOT NULL,
  `pageTreePosition` varchar(64) NOT NULL DEFAULT '',
  PRIMARY KEY (`navpageID`),
  KEY `idx_group` (`groupID`),
  KEY `idx_page_group` (`pageID`,`groupID`)
) ENGINE=MyISAM DEFAULT CHARSET=utf8;



# Dump of table perch2_page_templates
# ------------------------------------------------------------

DROP TABLE IF EXISTS `perch2_page_templates`;

CREATE TABLE `perch2_page_templates` (
  `templateID` int(10) unsigned NOT NULL AUTO_INCREMENT,
  `templateTitle` varchar(255) NOT NULL DEFAULT '',
  `templatePath` varchar(255) NOT NULL DEFAULT '',
  `optionsPageID` int(10) unsigned NOT NULL DEFAULT '0',
  `templateReference` tinyint(1) unsigned NOT NULL DEFAULT '1',
  `templateNavGroups` varchar(255) DEFAULT '',
  PRIMARY KEY (`templateID`)
) ENGINE=MyISAM DEFAULT CHARSET=utf8;



# Dump of table perch2_pages
# ------------------------------------------------------------

DROP TABLE IF EXISTS `perch2_pages`;

CREATE TABLE `perch2_pages` (
  `pageID` int(10) unsigned NOT NULL AUTO_INCREMENT,
  `pageParentID` int(10) unsigned NOT NULL DEFAULT '0',
  `pagePath` varchar(255) NOT NULL DEFAULT '',
  `pageTitle` varchar(255) NOT NULL DEFAULT '',
  `pageNavText` varchar(255) NOT NULL DEFAULT '',
  `pageNew` tinyint(1) unsigned NOT NULL DEFAULT '1',
  `pageOrder` int(10) unsigned NOT NULL DEFAULT '1',
  `pageDepth` tinyint(10) unsigned NOT NULL DEFAULT '0',
  `pageSortPath` varchar(255) NOT NULL DEFAULT '',
  `pageTreePosition` varchar(64) NOT NULL DEFAULT '',
  `pageSubpageRoles` varchar(255) NOT NULL DEFAULT '',
  `pageSubpagePath` varchar(255) NOT NULL DEFAULT '',
  `pageHidden` tinyint(1) unsigned NOT NULL DEFAULT '0',
  `pageNavOnly` tinyint(1) unsigned NOT NULL DEFAULT '0',
  `pageAccessTags` varchar(255) NOT NULL DEFAULT '',
  `pageCreatorID` int(10) unsigned NOT NULL DEFAULT '0',
  `pageModified` datetime NOT NULL DEFAULT '2014-01-01 00:00:00',
  `pageAttributes` text NOT NULL,
  `pageAttributeTemplate` varchar(255) NOT NULL DEFAULT 'default.html',
  `pageTemplate` char(255) NOT NULL DEFAULT '',
  `templateID` int(10) unsigned NOT NULL DEFAULT '0',
  `pageSubpageTemplates` varchar(255) NOT NULL DEFAULT '',
  `pageCollections` varchar(255) NOT NULL DEFAULT '',
  PRIMARY KEY (`pageID`),
  KEY `idx_parent` (`pageParentID`)
) ENGINE=MyISAM DEFAULT CHARSET=utf8;

LOCK TABLES `perch2_pages` WRITE;
/*!40000 ALTER TABLE `perch2_pages` DISABLE KEYS */;

INSERT INTO `perch2_pages` (`pageID`, `pageParentID`, `pagePath`, `pageTitle`, `pageNavText`, `pageNew`, `pageOrder`, `pageDepth`, `pageSortPath`, `pageTreePosition`, `pageSubpageRoles`, `pageSubpagePath`, `pageHidden`, `pageNavOnly`, `pageAccessTags`, `pageCreatorID`, `pageModified`, `pageAttributes`, `pageAttributeTemplate`, `pageTemplate`, `templateID`, `pageSubpageTemplates`, `pageCollections`)
VALUES
	(1,0,'/index.php','Home page','Home page',0,1,1,'','000-001','','',0,0,'',0,'2015-09-10 01:07:29','','default.html','',0,'','');

/*!40000 ALTER TABLE `perch2_pages` ENABLE KEYS */;
UNLOCK TABLES;


# Dump of table perch2_resource_log
# ------------------------------------------------------------

DROP TABLE IF EXISTS `perch2_resource_log`;

CREATE TABLE `perch2_resource_log` (
  `logID` int(10) unsigned NOT NULL AUTO_INCREMENT,
  `appID` char(32) NOT NULL DEFAULT 'content',
  `itemFK` char(32) NOT NULL DEFAULT 'itemRowID',
  `itemRowID` int(10) unsigned NOT NULL DEFAULT '0',
  `resourceID` int(10) unsigned NOT NULL DEFAULT '0',
  PRIMARY KEY (`logID`),
  UNIQUE KEY `idx_uni` (`appID`,`itemFK`,`itemRowID`,`resourceID`),
  KEY `idx_resource` (`resourceID`),
  KEY `idx_fk` (`itemFK`,`itemRowID`)
) ENGINE=MyISAM DEFAULT CHARSET=utf8;



# Dump of table perch2_resource_tags
# ------------------------------------------------------------

DROP TABLE IF EXISTS `perch2_resource_tags`;

CREATE TABLE `perch2_resource_tags` (
  `tagID` int(10) NOT NULL AUTO_INCREMENT,
  `tagTitle` varchar(255) NOT NULL DEFAULT '',
  `tagSlug` varchar(255) NOT NULL DEFAULT '',
  `tagCount` int(10) unsigned NOT NULL DEFAULT '0',
  PRIMARY KEY (`tagID`)
) ENGINE=MyISAM DEFAULT CHARSET=utf8 ROW_FORMAT=DYNAMIC;



# Dump of table perch2_resources
# ------------------------------------------------------------

DROP TABLE IF EXISTS `perch2_resources`;

CREATE TABLE `perch2_resources` (
  `resourceID` int(10) unsigned NOT NULL AUTO_INCREMENT,
  `resourceApp` char(32) NOT NULL DEFAULT 'content',
  `resourceBucket` char(16) NOT NULL DEFAULT 'default',
  `resourceFile` char(255) NOT NULL DEFAULT '',
  `resourceKey` enum('orig','thumb') DEFAULT NULL,
  `resourceParentID` int(10) NOT NULL DEFAULT '0',
  `resourceType` char(4) NOT NULL DEFAULT '',
  `resourceCreated` datetime NOT NULL DEFAULT '2000-01-01 00:00:00',
  `resourceUpdated` timestamp NOT NULL DEFAULT CURRENT_TIMESTAMP ON UPDATE CURRENT_TIMESTAMP,
  `resourceAWOL` tinyint(1) unsigned NOT NULL DEFAULT '0',
  `resourceTitle` char(255) DEFAULT NULL,
  `resourceFileSize` int(10) unsigned DEFAULT NULL,
  `resourceWidth` int(10) unsigned DEFAULT NULL,
  `resourceHeight` int(10) unsigned DEFAULT NULL,
  `resourceCrop` tinyint(1) unsigned NOT NULL DEFAULT '0',
  `resourceDensity` float NOT NULL DEFAULT '1',
  `resourceTargetWidth` int(10) unsigned DEFAULT NULL,
  `resourceTargetHeight` int(10) unsigned DEFAULT NULL,
  `resourceMimeType` char(64) DEFAULT NULL,
  `resourceInLibrary` tinyint(1) unsigned NOT NULL DEFAULT '0',
  PRIMARY KEY (`resourceID`),
  UNIQUE KEY `idx_file` (`resourceBucket`,`resourceFile`),
  KEY `idx_app` (`resourceApp`),
  KEY `idx_key` (`resourceKey`),
  KEY `idx_type` (`resourceType`),
  KEY `idx_awol` (`resourceAWOL`),
  KEY `idx_library` (`resourceInLibrary`),
  FULLTEXT KEY `idx_search` (`resourceTitle`)
) ENGINE=MyISAM DEFAULT CHARSET=utf8;



# Dump of table perch2_resources_to_tags
# ------------------------------------------------------------

DROP TABLE IF EXISTS `perch2_resources_to_tags`;

CREATE TABLE `perch2_resources_to_tags` (
  `resourceID` int(10) NOT NULL DEFAULT '0',
  `tagID` int(10) NOT NULL DEFAULT '0',
  PRIMARY KEY (`resourceID`,`tagID`)
) ENGINE=MyISAM DEFAULT CHARSET=utf8 ROW_FORMAT=FIXED;



# Dump of table perch2_settings
# ------------------------------------------------------------

DROP TABLE IF EXISTS `perch2_settings`;

CREATE TABLE `perch2_settings` (
  `settingID` varchar(60) NOT NULL DEFAULT '',
  `userID` int(10) unsigned NOT NULL DEFAULT '0',
  `settingValue` text NOT NULL,
  PRIMARY KEY (`settingID`,`userID`)
) ENGINE=MyISAM DEFAULT CHARSET=utf8;

LOCK TABLES `perch2_settings` WRITE;
/*!40000 ALTER TABLE `perch2_settings` DISABLE KEYS */;

INSERT INTO `perch2_settings` (`settingID`, `userID`, `settingValue`)
VALUES
	('headerColour',0,'#ffffff'),
	('content_singlePageEdit',0,'1'),
	('helpURL',0,''),
	('siteURL',0,'/'),
	('hideBranding',0,'0'),
	('content_collapseList',0,'1'),
	('lang',0,'en-gb'),
	('update_2.8.13',0,'done'),
	('latest_version',0,'2.8.8'),
	('on_sale_version',0,'2.8.13');

/*!40000 ALTER TABLE `perch2_settings` ENABLE KEYS */;
UNLOCK TABLES;


# Dump of table perch2_user_privileges
# ------------------------------------------------------------

DROP TABLE IF EXISTS `perch2_user_privileges`;

CREATE TABLE `perch2_user_privileges` (
  `privID` int(10) unsigned NOT NULL AUTO_INCREMENT,
  `privKey` varchar(255) NOT NULL DEFAULT '',
  `privTitle` varchar(255) NOT NULL DEFAULT '',
  `privOrder` int(10) unsigned NOT NULL DEFAULT '99',
  PRIMARY KEY (`privID`),
  UNIQUE KEY `idx_key` (`privKey`)
) ENGINE=MyISAM DEFAULT CHARSET=utf8;

LOCK TABLES `perch2_user_privileges` WRITE;
/*!40000 ALTER TABLE `perch2_user_privileges` DISABLE KEYS */;

INSERT INTO `perch2_user_privileges` (`privID`, `privKey`, `privTitle`, `privOrder`)
VALUES
	(1,'perch.login','Log in',1),
	(2,'perch.settings','Change settings',2),
	(3,'perch.users.manage','Manage users',3),
	(4,'perch.updatenotices','View update notices',4),
	(5,'content.regions.delete','Delete regions',1),
	(6,'content.regions.options','Edit region options',2),
	(7,'content.pages.edit','Edit page details',1),
	(8,'content.pages.reorder','Reorder pages',2),
	(9,'content.pages.create','Add new pages',3),
	(10,'content.pages.configure','Configure page settings',5),
	(11,'content.pages.delete','Delete pages',4),
	(12,'content.templates.delete','Delete master pages',6),
	(13,'content.navgroups.configure','Configure navigation groups',7),
	(14,'content.navgroups.create','Create navigation groups',8),
	(15,'content.navgroups.delete','Delete navigation groups',9),
	(16,'content.pages.create.toplevel','Add new top-level pages',3),
	(17,'content.pages.delete.own','Delete pages they created themselves',4),
	(18,'content.templates.configure','Configure master pages',6),
	(19,'content.pages.attributes','Edit page titles and attributes',6),
	(20,'categories.create','Create new categories',1),
	(21,'categories.delete','Delete categories',2),
	(22,'categories.manage','Manage categories',3),
	(23,'categories.sets.create','Create category sets',4),
	(24,'categories.sets.delete','Delete category sets',5),
	(25,'assets.create','Upload assets',1),
	(26,'assets.manage','Manage assets',2);

/*!40000 ALTER TABLE `perch2_user_privileges` ENABLE KEYS */;
UNLOCK TABLES;


# Dump of table perch2_user_role_privileges
# ------------------------------------------------------------

DROP TABLE IF EXISTS `perch2_user_role_privileges`;

CREATE TABLE `perch2_user_role_privileges` (
  `roleID` int(10) unsigned NOT NULL,
  `privID` int(10) unsigned NOT NULL,
  PRIMARY KEY (`roleID`,`privID`)
) ENGINE=MyISAM DEFAULT CHARSET=utf8;

LOCK TABLES `perch2_user_role_privileges` WRITE;
/*!40000 ALTER TABLE `perch2_user_role_privileges` DISABLE KEYS */;

INSERT INTO `perch2_user_role_privileges` (`roleID`, `privID`)
VALUES
	(1,1),
	(1,7),
	(1,8),
	(1,25),
	(2,1),
	(2,2),
	(2,3),
	(2,4),
	(2,5),
	(2,6),
	(2,7),
	(2,8),
	(2,9),
	(2,10),
	(2,11),
	(2,12);

/*!40000 ALTER TABLE `perch2_user_role_privileges` ENABLE KEYS */;
UNLOCK TABLES;


# Dump of table perch2_user_roles
# ------------------------------------------------------------

DROP TABLE IF EXISTS `perch2_user_roles`;

CREATE TABLE `perch2_user_roles` (
  `roleID` int(10) unsigned NOT NULL AUTO_INCREMENT,
  `roleTitle` varchar(255) NOT NULL DEFAULT '',
  `roleSlug` varchar(255) NOT NULL DEFAULT '',
  `roleMasterAdmin` tinyint(1) unsigned NOT NULL DEFAULT '0',
  PRIMARY KEY (`roleID`)
) ENGINE=MyISAM DEFAULT CHARSET=utf8;

LOCK TABLES `perch2_user_roles` WRITE;
/*!40000 ALTER TABLE `perch2_user_roles` DISABLE KEYS */;

INSERT INTO `perch2_user_roles` (`roleID`, `roleTitle`, `roleSlug`, `roleMasterAdmin`)
VALUES
	(1,'Editor','editor',0),
	(2,'Admin','admin',1);

/*!40000 ALTER TABLE `perch2_user_roles` ENABLE KEYS */;
UNLOCK TABLES;


# Dump of table perch2_users
# ------------------------------------------------------------

DROP TABLE IF EXISTS `perch2_users`;

CREATE TABLE `perch2_users` (
  `userID` int(10) unsigned NOT NULL AUTO_INCREMENT,
  `userUsername` varchar(255) NOT NULL DEFAULT '',
  `userPassword` varchar(255) NOT NULL DEFAULT '',
  `userCreated` datetime NOT NULL DEFAULT '2000-01-01 00:00:00',
  `userUpdated` timestamp NOT NULL DEFAULT CURRENT_TIMESTAMP ON UPDATE CURRENT_TIMESTAMP,
  `userLastLogin` datetime NOT NULL DEFAULT '2000-01-01 00:00:00',
  `userGivenName` varchar(255) NOT NULL DEFAULT '',
  `userFamilyName` varchar(255) NOT NULL DEFAULT '',
  `userEmail` varchar(255) NOT NULL DEFAULT '',
  `userEnabled` tinyint(1) unsigned NOT NULL DEFAULT '0',
  `userHash` char(32) NOT NULL DEFAULT '',
  `roleID` int(10) unsigned NOT NULL DEFAULT '1',
  `userMasterAdmin` tinyint(1) unsigned NOT NULL DEFAULT '0',
  `userPasswordToken` char(255) NOT NULL DEFAULT 'expired',
  `userPasswordTokenExpires` datetime NOT NULL DEFAULT '2015-01-01 00:00:00',
  PRIMARY KEY (`userID`),
  KEY `idx_enabled` (`userEnabled`)
) ENGINE=MyISAM DEFAULT CHARSET=utf8;

LOCK TABLES `perch2_users` WRITE;
/*!40000 ALTER TABLE `perch2_users` DISABLE KEYS */;

INSERT INTO `perch2_users` (`userID`, `userUsername`, `userPassword`, `userCreated`, `userUpdated`, `userLastLogin`, `userGivenName`, `userFamilyName`, `userEmail`, `userEnabled`, `userHash`, `roleID`, `userMasterAdmin`, `userPasswordToken`, `userPasswordTokenExpires`)
VALUES
	(1,'Kevino','$P$BsY26LbpvUKGG2XRYLykx5YG4YUSqx1','2015-09-10 00:42:50','2015-09-10 01:07:39','2015-09-10 01:03:30','Anastasios','Orfanidis','anastasios.orfanidis@gmail.com',1,'df18782d1cfc27867e80143111c7ab94',2,1,'expired','2015-01-01 00:00:00');

/*!40000 ALTER TABLE `perch2_users` ENABLE KEYS */;
UNLOCK TABLES;



/*!40111 SET SQL_NOTES=@OLD_SQL_NOTES */;
/*!40101 SET SQL_MODE=@OLD_SQL_MODE */;
/*!40014 SET FOREIGN_KEY_CHECKS=@OLD_FOREIGN_KEY_CHECKS */;
/*!40101 SET CHARACTER_SET_CLIENT=@OLD_CHARACTER_SET_CLIENT */;
/*!40101 SET CHARACTER_SET_RESULTS=@OLD_CHARACTER_SET_RESULTS */;
/*!40101 SET COLLATION_CONNECTION=@OLD_COLLATION_CONNECTION */;
